City_ID,City,Country,Lat,Lng,Max Temp,Humidity,Cloudiness,Wind Speed,Current Description
0,Padang,ID,-0.9492,100.3543,79.09,79,96,3.0,overcast clouds
1,Ushuaia,AR,-54.8,-68.3,46.06,66,20,0.0,few clouds
2,Port Blair,IN,11.6667,92.75,82.44,78,20,2.3,mist
3,Rikitea,PF,-23.1203,-134.9692,78.96,74,35,17.98,scattered clouds
4,Port Elizabeth,ZA,-33.918,25.5701,66.09,81,100,16.11,overcast clouds
5,Kapaa,US,22.0752,-159.319,73.72,84,100,17.27,overcast clouds
6,Laguna,US,38.421,-121.4238,63.05,36,0,21.85,clear sky
7,Saint-Paul,RE,-21.0096,55.2707,80.71,83,30,1.77,light rain
8,San Cristobal,VE,7.7669,-72.225,77.18,35,87,9.44,overcast clouds
9,Cidreira,BR,-30.1811,-50.2056,72.57,79,84,9.35,broken clouds
10,Puerto Ayora,EC,-0.7393,-90.3518,82.36,72,100,5.7,overcast clouds
11,Carnarvon,AU,-24.8667,113.6333,71.67,73,0,17.27,clear sky
12,Bilibino,RU,68.0546,166.4372,-12.96,99,100,1.95,overcast clouds
13,Cape Town,ZA,-33.9258,18.4232,79.21,49,0,12.66,clear sky
14,Port Alfred,ZA,-33.5906,26.891,63.18,92,99,5.01,light rain
15,Mataura,NZ,-46.1927,168.8643,43.5,98,83,3.09,broken clouds
16,Batagay-Alyta,RU,67.8006,130.4114,-5.39,99,91,4.94,overcast clouds
17,Upernavik,GL,72.7868,-56.1549,3.58,91,98,8.88,overcast clouds
18,General Pico,AR,-35.6566,-63.7568,83.35,39,0,18.07,clear sky
19,Kurchum,KZ,48.5722,83.6542,38.82,63,0,7.56,clear sky
20,Kaitangata,NZ,-46.2817,169.8464,50.81,83,32,9.91,scattered clouds
21,Bredasdorp,ZA,-34.5322,20.0403,62.65,76,16,22.84,few clouds
22,Nuuk,GL,64.1835,-51.7216,27.21,74,75,12.66,broken clouds
23,Gejiu,CN,23.306,103.1635,53.11,80,2,3.69,clear sky
24,Norman Wells,CA,65.282,-126.8329,10.44,72,75,28.77,broken clouds
25,Punta Arenas,CL,-53.15,-70.9167,44.71,87,75,8.05,broken clouds
26,Bilma,NE,18.6853,12.9164,104.13,4,0,3.6,clear sky
27,Tuktoyaktuk,CA,69.4541,-133.0374,5.0,85,100,21.85,light snow
28,Pipar,IN,26.3856,73.5378,91.42,12,3,9.35,clear sky
29,Ribeira Grande,PT,38.5167,-28.7,59.4,67,40,26.46,scattered clouds
30,Picton,AU,-34.1833,150.6,62.89,96,93,1.28,overcast clouds
31,Khatanga,RU,71.9667,102.5,-1.48,100,64,5.23,broken clouds
32,Maroantsetra,MG,-15.4333,49.7333,76.95,87,34,10.04,light rain
33,Balabac,PH,7.9868,117.0645,79.27,86,100,17.78,light rain
34,Albany,US,42.6001,-73.9662,45.23,89,100,5.77,moderate rain
35,Provideniya,RU,64.3833,-173.3,22.87,98,100,5.08,snow
36,Namibe,AO,-15.1961,12.1522,74.44,72,4,8.9,clear sky
37,Tampakan,PH,6.4442,124.9264,74.8,94,96,1.5,overcast clouds
38,Bluff,NZ,-46.6,168.3333,57.0,77,91,21.32,overcast clouds
39,Busselton,AU,-33.65,115.3333,59.79,59,98,6.89,overcast clouds
40,Dikson,RU,73.5069,80.5464,7.48,96,99,4.23,overcast clouds
41,Hofn,IS,64.2539,-15.2082,33.26,48,73,5.37,broken clouds
42,Leninskoye,KZ,41.7589,69.3864,67.1,51,100,4.0,overcast clouds
43,Alta Floresta,BR,-9.8756,-56.0861,89.42,62,20,2.3,few clouds
44,Sioux Lookout,CA,50.1001,-91.917,30.27,51,20,3.44,few clouds
45,Butaritari,KI,3.0707,172.7902,79.83,82,82,11.12,moderate rain
46,Praya,CV,14.9215,-23.5087,86.54,35,0,18.41,clear sky
47,Yulara,AU,-25.2406,130.9889,62.44,31,0,2.3,clear sky
48,Bridlington,GB,54.0831,-0.1919,49.89,62,80,8.99,broken clouds
49,Lavrentiya,RU,65.5833,-171.0,9.18,95,100,3.49,overcast clouds
50,Kuito,AO,-12.3833,16.9333,78.94,73,40,9.22,scattered clouds
51,Hermanus,ZA,-34.4187,19.2345,67.8,65,0,24.67,clear sky
52,Chapais,CA,49.7834,-74.8492,35.38,92,99,9.33,overcast clouds
53,Bambous Virieux,MU,-20.3428,57.7575,79.05,83,75,5.75,broken clouds
54,Yellowknife,CA,62.456,-114.3525,21.42,82,40,21.85,scattered clouds
55,Challapata,BO,-18.9,-66.7667,57.04,52,79,9.82,broken clouds
56,Beloha,MG,-25.1667,45.05,74.14,80,37,16.96,scattered clouds
57,Roald,NO,62.5833,6.1333,42.75,93,75,13.8,broken clouds
58,Innisfail,AU,-17.5333,146.0333,74.01,92,74,5.1,broken clouds
59,Yerbogachen,RU,61.2767,108.0108,16.59,91,41,6.29,scattered clouds
60,Ponca City,US,36.707,-97.0856,60.94,32,0,8.05,clear sky
61,Aklavik,CA,68.2191,-135.0107,5.0,66,75,11.5,broken clouds
62,Avarua,CK,-21.2078,-159.775,82.45,78,40,10.36,scattered clouds
63,Floro,NO,61.5996,5.0328,36.97,80,40,20.71,scattered clouds
64,Chuy,UY,-33.6971,-53.4616,77.07,54,4,6.04,clear sky
65,Hobart,AU,-42.8794,147.3294,65.26,77,100,8.05,overcast clouds
66,Turukhansk,RU,65.8167,87.9833,6.19,97,99,6.96,overcast clouds
67,Mandalgovi,MN,45.7625,106.2708,39.72,61,0,14.92,clear sky
68,Pisco,PE,-13.7,-76.2167,69.85,78,0,6.91,clear sky
69,Mitsamiouli,KM,-11.3847,43.2844,83.26,76,100,9.44,light rain
70,Luderitz,NA,-26.6481,15.1594,69.08,53,0,2.57,clear sky
71,Qaanaaq,GL,77.484,-69.3632,-0.99,72,10,4.7,clear sky
72,Saint-Philippe,RE,-21.3585,55.7679,80.19,85,43,11.07,scattered clouds
73,Coquimbo,CL,-29.9533,-71.3436,56.93,94,100,4.61,overcast clouds
74,Makakilo City,US,21.3469,-158.0858,73.72,74,0,10.36,clear sky
75,San Quintin,MX,30.4833,-115.95,71.26,48,8,4.29,clear sky
76,Belomorsk,RU,64.5232,34.7668,36.25,80,15,12.41,few clouds
77,Hithadhoo,MV,-0.6,73.0833,83.86,68,87,7.7,overcast clouds
78,Bartica,GY,6.4,-58.6167,86.32,88,73,4.56,broken clouds
79,Airai,TL,-8.9266,125.4092,58.86,75,98,2.48,overcast clouds
80,Vaini,TO,-21.2,-175.2,75.36,94,20,2.3,few clouds
81,Jamestown,US,42.097,-79.2353,42.39,50,100,12.66,overcast clouds
82,Ponta Do Sol,PT,32.6667,-17.1,68.72,66,59,5.79,broken clouds
83,Ostrovnoy,RU,68.0531,39.5131,37.2,99,100,19.84,overcast clouds
84,Naryan-Mar,RU,67.6713,53.087,33.96,97,100,16.49,overcast clouds
85,East London,ZA,-33.0153,27.9116,63.54,94,75,9.22,broken clouds
86,Moen,NO,69.1304,18.6123,41.72,56,75,3.44,broken clouds
87,Ixtapa,MX,20.7,-105.2,72.63,78,0,0.0,clear sky
88,Marzuq,YE,14.4,46.4667,74.61,38,14,12.5,few clouds
89,Padrauna,IN,26.9025,83.9819,85.82,26,3,9.6,clear sky
90,Samarai,PG,-10.6167,150.6667,82.69,78,100,17.22,overcast clouds
91,Tuatapere,NZ,-46.1333,167.6833,45.39,89,49,4.63,scattered clouds
92,Inhambane,MZ,-23.865,35.3833,76.98,69,40,9.22,drizzle
93,Rawson,AR,-43.3002,-65.1023,62.11,75,73,20.4,light rain
94,Hasaki,JP,35.7333,140.8333,55.8,84,0,11.88,clear sky
95,Isangel,VU,-19.55,169.2667,80.42,84,100,9.75,overcast clouds
96,Meylan,FR,45.2199,5.7901,48.58,72,84,5.79,broken clouds
97,New Norfolk,AU,-42.7826,147.0587,64.92,66,45,2.68,scattered clouds
98,Kruisfontein,ZA,-34.0033,24.7314,63.88,85,88,16.24,light rain
99,Banjar,ID,-8.19,114.9675,77.43,90,32,3.69,scattered clouds
100,Victoria,HK,22.2855,114.1577,74.17,74,0,8.99,clear sky
101,Hilo,US,19.7297,-155.09,69.53,83,75,5.75,broken clouds
102,Palmer,US,42.1584,-72.3287,53.92,78,100,6.91,moderate rain
103,Philippeville,BE,50.1957,4.5417,52.16,77,75,13.8,broken clouds
104,Arlit,NE,18.7369,7.3853,107.15,3,5,9.31,clear sky
105,Tiksi,RU,71.6872,128.8694,-12.21,100,100,3.06,overcast clouds
106,Paita,PE,-5.0892,-81.1144,74.84,70,100,6.33,overcast clouds
107,Mount Isa,AU,-20.7333,139.5,69.57,37,7,1.14,clear sky
108,Inta,RU,66.0317,60.1659,24.96,80,92,10.69,overcast clouds
109,Thompson,CA,55.7435,-97.8558,35.76,48,100,6.91,overcast clouds
110,Mount Gambier,AU,-37.8333,140.7667,58.91,77,17,9.22,few clouds
111,West Bromwich,GB,52.5187,-1.9945,52.0,53,40,10.36,scattered clouds
112,Pevek,RU,69.7008,170.3133,-23.06,100,86,6.38,overcast clouds
113,Folkestone,GB,51.0833,1.1833,53.98,55,76,11.61,broken clouds
114,Naze,JP,28.3667,129.4833,65.32,80,4,10.16,clear sky
115,Vestmanna,FO,62.1564,-7.1664,34.72,64,75,4.61,broken clouds
116,Mutsu,JP,41.2894,141.2169,48.15,90,22,10.22,few clouds
117,Abu Kamal,SY,34.4506,40.9171,75.38,24,0,10.2,clear sky
118,Kandrian,PG,-6.2167,149.55,76.06,90,100,4.27,overcast clouds
119,Hambantota,LK,6.1241,81.1185,79.5,82,100,10.07,overcast clouds
120,Severodvinsk,RU,64.5635,39.8302,44.71,83,61,9.89,broken clouds
121,Benjamin Constant,BR,-4.3831,-70.0311,84.33,78,40,0.0,scattered clouds
122,Torit,SS,4.4133,32.5678,91.29,27,86,6.51,overcast clouds
123,Loandjili,CG,-4.7561,11.8578,86.11,74,20,8.05,few clouds
124,Vardo,NO,70.3705,31.1107,35.74,97,100,29.89,overcast clouds
125,Goba,ET,7.0167,39.9833,55.4,79,83,4.94,light rain
126,Xining,CN,36.6167,101.7667,55.98,9,71,2.13,broken clouds
127,Comodoro Rivadavia,AR,-45.8667,-67.5,58.86,82,40,4.61,scattered clouds
128,Bethel,US,41.3712,-73.414,53.69,74,100,5.01,overcast clouds
129,Lerwick,GB,60.1545,-1.1494,39.2,58,99,24.72,overcast clouds
130,Fukue,JP,32.6881,128.8419,62.37,80,3,6.53,clear sky
131,Smithers,CA,54.7804,-127.1743,28.72,80,20,2.3,few clouds
132,Port Lincoln,AU,-34.7333,135.8667,68.2,64,37,7.65,scattered clouds
133,Barrow,US,71.2906,-156.7887,-20.18,69,0,3.44,clear sky
134,Leningradskiy,RU,69.3833,178.4167,-23.73,97,58,4.52,broken clouds
135,Karasjok,NO,69.4719,25.5112,34.68,98,100,23.17,overcast clouds
136,Vieste,IT,41.8825,16.175,62.89,66,90,13.4,overcast clouds
137,Severo-Kurilsk,RU,50.6789,156.125,24.6,77,27,4.52,scattered clouds
138,Rosarito,MX,32.3333,-117.0333,74.66,59,97,4.85,overcast clouds
139,Tucurui,BR,-3.7661,-49.6725,86.34,70,93,1.39,overcast clouds
140,Zhangye,CN,38.9342,100.4517,62.89,17,100,2.13,overcast clouds
141,Cabo San Lucas,MX,22.8909,-109.9124,72.05,82,0,12.66,clear sky
142,Dingle,PH,10.9995,122.6711,75.47,88,100,3.56,overcast clouds
143,Penticton,CA,49.4806,-119.5858,43.74,65,75,8.05,broken clouds
144,Huanren,CN,41.2647,125.3667,53.06,83,100,6.22,overcast clouds
145,Tsiroanomandidy,MG,-18.7667,46.0333,71.83,83,95,1.48,overcast clouds
146,Yinchuan,CN,38.4681,106.2731,68.7,8,36,1.43,scattered clouds
147,Lata,PT,40.1629,-8.3327,60.82,70,100,7.49,overcast clouds
148,Byron Bay,AU,-28.65,153.6167,67.89,87,48,6.58,scattered clouds
149,Georgetown,MY,5.4112,100.3354,82.33,84,20,5.01,few clouds
150,Geraldton,AU,-28.7667,114.6,64.81,72,100,11.5,overcast clouds
151,Lompoc,US,34.6391,-120.4579,55.6,79,100,13.8,haze
152,Det Udom,TH,14.906,105.0784,75.02,45,87,2.17,overcast clouds
153,Faanui,PF,-16.4833,-151.75,82.53,71,93,18.05,overcast clouds
154,Chokurdakh,RU,70.6333,147.9167,-25.33,100,78,4.63,broken clouds
155,Torbay,CA,47.6666,-52.7314,40.28,82,75,25.32,broken clouds
156,Regina,CA,50.4501,-104.6178,45.03,83,100,11.5,overcast clouds
157,Morehead,US,37.2711,-87.1764,46.99,55,75,10.36,broken clouds
158,Katobu,ID,-4.9408,122.5276,74.77,92,100,2.55,overcast clouds
159,Husavik,IS,66.0449,-17.3389,29.1,72,33,6.15,scattered clouds
160,Barroso,BR,-21.1869,-43.9758,78.98,71,68,6.06,broken clouds
161,Axim,GH,4.8699,-2.2405,84.43,72,100,11.77,overcast clouds
162,Vila Franca Do Campo,PT,37.7167,-25.4333,61.21,76,56,22.93,broken clouds
163,Ulaanbaatar,MN,47.9077,106.8832,30.33,69,0,8.95,clear sky
164,Nanortalik,GL,60.1432,-45.2371,32.38,72,10,4.99,clear sky
165,Hovd,MN,48.0056,91.6419,42.04,23,0,11.23,clear sky
166,Nikolskoye,RU,59.7035,30.7861,46.29,78,100,10.16,overcast clouds
167,Asau,RO,46.4333,26.4,68.92,70,94,6.46,overcast clouds
168,Daru,PG,-9.0763,143.2092,79.74,81,99,6.55,overcast clouds
169,Manzanillo,CU,20.3433,-77.1167,83.75,57,86,3.74,overcast clouds
170,Ambilobe,MG,-13.2,49.05,76.01,90,100,1.34,light rain
171,Brandon,US,27.9378,-82.2859,70.97,47,0,8.99,clear sky
172,Vikhorevka,RU,56.1201,101.1636,33.39,93,100,9.04,light snow
173,Kokopo,PG,-4.352,152.2633,78.06,82,35,5.08,scattered clouds
174,Tuy Hoa,VN,13.0833,109.3,71.55,89,63,5.32,broken clouds
175,Buala,SB,-8.145,159.5921,79.07,83,49,5.03,light rain
176,Castro,BR,-24.7911,-50.0119,77.54,59,75,7.78,broken clouds
177,Bayonet Point,US,28.3267,-82.6834,70.23,50,97,3.0,overcast clouds
178,Catacocha,EC,-4.0667,-79.6333,66.49,75,90,2.08,light rain
179,Saskylakh,RU,71.9167,114.0833,-12.93,97,34,2.04,scattered clouds
180,Kodiak,US,57.79,-152.4072,27.91,43,0,13.8,clear sky
181,Bantry,IE,51.6833,-9.45,47.79,51,93,12.03,overcast clouds
182,Lloydminster,CA,53.2835,-110.0016,39.42,60,75,23.02,broken clouds
183,Esperance,AU,-33.8667,121.9,55.24,55,22,2.8,few clouds
184,Altay,CN,47.8667,88.1167,37.98,63,18,6.31,few clouds
185,Hecun,CN,36.5333,114.1111,71.37,32,1,5.7,clear sky
186,Salalah,OM,17.0151,54.0924,82.49,78,0,3.44,clear sky
187,Yushu,CN,44.8,126.5333,50.09,24,81,7.83,broken clouds
188,Oranjestad,AW,12.524,-70.027,84.15,61,20,23.02,few clouds
189,Barra Patuca,HN,15.8,-84.2833,80.62,77,97,11.95,overcast clouds
190,Margate,GB,51.3813,1.3862,52.7,52,64,1.01,broken clouds
191,Maragogi,BR,-9.0122,-35.2225,82.85,77,87,11.03,overcast clouds
192,Egvekinot,RU,66.3167,-179.1667,-7.89,93,92,5.46,overcast clouds
193,Atuona,PF,-9.8,-139.0333,78.75,81,25,22.32,light rain
194,Ejea De Los Caballeros,ES,42.1263,-1.1372,61.02,41,68,19.55,broken clouds
195,Kachug,RU,53.9606,105.8817,28.49,91,100,2.95,overcast clouds
196,Namtsy,RU,62.7161,129.6658,22.98,90,100,9.48,overcast clouds
197,Kavieng,PG,-2.5744,150.7967,80.64,80,93,5.19,overcast clouds
198,Macusani,PE,-14.0833,-70.4333,48.79,60,100,7.31,overcast clouds
199,Miramar,US,25.9873,-80.2323,78.03,48,0,13.8,clear sky
200,Lagoa,PT,39.05,-27.9833,54.55,74,100,33.8,overcast clouds
201,Navahrudak,BY,53.6,25.8333,42.89,66,100,8.81,overcast clouds
202,Korla,CN,41.7597,86.1469,72.41,16,82,7.2,broken clouds
203,Parksville,CA,49.3163,-124.3195,42.44,94,68,17.27,broken clouds
204,Solone,UA,48.2081,34.8721,61.86,49,96,18.1,overcast clouds
205,Pithora,IN,21.2667,82.5167,91.94,16,4,4.45,clear sky
206,Touros,BR,-5.1989,-35.4608,87.51,61,42,16.08,scattered clouds
207,Poplar Bluff,US,36.757,-90.3929,51.53,43,0,7.0,clear sky
208,Qaqortoq,GL,60.7167,-46.0333,33.44,59,5,7.11,clear sky
209,Bad Bevensen,DE,53.0833,10.5833,46.49,55,94,13.38,overcast clouds
210,Vilhena,BR,-12.7406,-60.1458,84.42,65,75,8.05,broken clouds
211,Sibolga,ID,1.7427,98.7792,77.85,83,95,2.86,overcast clouds
212,Saint Andrews,US,34.0454,-81.1293,54.66,39,40,23.02,scattered clouds
213,Kaniama,CD,-7.5667,24.1833,74.43,78,100,2.33,light rain
214,Pangnirtung,CA,66.1451,-65.7125,10.4,79,75,8.05,light snow
215,Bonthe,SL,7.5264,-12.505,87.01,64,98,10.58,overcast clouds
216,Watsa,CD,3.0372,29.5355,80.31,38,62,4.45,broken clouds
217,Pacific Grove,US,36.6177,-121.9166,54.59,87,40,3.44,scattered clouds
218,Beidao,CN,34.5686,105.8933,62.89,53,0,5.73,clear sky
219,Puerto Palomas,MX,31.7667,-107.6167,64.42,12,7,2.8,clear sky
220,Bjelovar,HR,45.8986,16.8489,44.78,75,100,7.61,overcast clouds
221,Matara,LK,5.9485,80.5353,77.68,87,53,7.56,broken clouds
222,Agadez,NE,19.75,10.25,102.85,3,1,3.0,clear sky
223,Arraial Do Cabo,BR,-22.9661,-42.0278,84.16,78,20,13.8,few clouds
224,Ampanihy,MG,-24.7,44.75,74.55,77,33,15.32,scattered clouds
225,Oistins,BB,13.0667,-59.5333,84.29,70,75,23.02,broken clouds
226,Bengkulu,ID,-3.8004,102.2655,78.19,82,100,3.71,overcast clouds
227,Manokwari,ID,-0.8667,134.0833,78.71,83,100,2.04,light rain
228,Panzhihua,CN,26.5851,101.7128,64.63,74,3,2.73,clear sky
229,Asosa,ET,10.0667,34.5333,67.46,63,100,3.36,light rain
230,Malanje,AO,-9.5402,16.341,71.31,90,90,3.02,moderate rain
231,Bihar,RO,47.15,21.9167,53.71,82,75,11.5,broken clouds
232,Havoysund,NO,70.9963,24.6622,37.63,97,100,31.32,overcast clouds
233,Berlin,DE,52.5244,13.4105,50.16,72,40,20.0,scattered clouds
234,Tinskoy,RU,56.1525,96.9161,25.77,92,73,4.05,broken clouds
235,Kerouane,GN,9.2667,-9.0167,99.9,24,47,4.38,scattered clouds
236,Conde,BR,-7.2597,-34.9075,85.46,74,75,13.8,broken clouds
237,Adre,TD,13.4667,22.2,98.19,13,42,6.46,scattered clouds
238,Lebu,CL,-37.6167,-73.65,55.87,94,67,8.61,broken clouds
239,Sao Jose Da Coroa Grande,BR,-8.8978,-35.1478,83.14,76,83,10.85,broken clouds
240,Brae,GB,60.3964,-1.353,39.07,58,98,25.1,overcast clouds
241,Solnechnyy,RU,50.7214,136.6319,20.71,97,76,3.94,broken clouds
242,Meulaboh,ID,4.1363,96.1285,78.73,85,93,1.97,overcast clouds
243,Anloga,GH,5.7947,0.8973,84.65,76,99,15.7,overcast clouds
244,Clyde River,CA,70.4692,-68.5914,1.63,85,75,5.75,light snow
245,Ayan,RU,56.45,138.1667,17.29,85,11,7.25,few clouds
246,Kungurtug,RU,50.5994,97.5228,25.48,86,100,1.66,overcast clouds
247,Kutum,SD,14.2,24.6667,91.11,8,35,8.88,scattered clouds
248,Macia,MZ,-25.0269,33.0989,71.13,68,98,8.14,overcast clouds
249,Richards Bay,ZA,-28.783,32.0377,66.78,86,100,6.64,light rain
250,Nome,US,64.5011,-165.4064,23.07,93,100,6.91,overcast clouds
251,Hongjiang,CN,27.11,109.9956,67.69,79,100,2.95,overcast clouds
252,Kysyl-Syr,RU,63.8986,122.7617,5.49,98,92,3.65,overcast clouds
253,Tefe,BR,-3.3542,-64.7114,86.11,74,40,4.61,scattered clouds
254,Mar Del Plata,AR,-38.0023,-57.5575,68.02,88,75,10.0,broken clouds
255,Nishihara,JP,26.1842,127.7558,71.65,86,75,11.5,broken clouds
256,Changde,CN,29.0464,111.6783,71.83,57,89,11.25,overcast clouds
257,Suoyarvi,RU,62.0833,32.35,35.37,83,31,8.61,scattered clouds
258,Berdigestyakh,RU,62.0989,126.6992,1.85,100,61,2.73,broken clouds
259,Guerrero Negro,MX,27.9769,-114.0611,73.71,43,6,9.04,clear sky
260,Surt,LY,31.2089,16.5887,66.24,58,49,17.29,scattered clouds
261,Antofagasta,CL,-23.65,-70.4,72.21,49,27,9.1,scattered clouds
262,Poum,NC,-20.2333,164.0167,79.52,82,98,12.84,overcast clouds
263,Kasempa,ZM,-13.4584,25.8338,66.0,87,99,4.25,overcast clouds
264,Nakamura,JP,32.9833,132.9333,54.55,84,0,2.89,clear sky
265,Buraydah,SA,26.326,43.975,93.65,10,0,11.52,clear sky
266,Diu,IN,20.7141,70.9822,82.02,69,0,12.33,clear sky
267,Neyshabur,IR,36.2133,58.7958,77.02,14,100,5.66,overcast clouds
268,Shemonaikha,KZ,50.6328,81.9056,35.2,69,3,6.02,clear sky
269,Tehuacan,MX,18.45,-97.3833,62.96,46,99,7.16,overcast clouds
270,Labuhan,ID,-6.8844,112.2051,78.46,85,78,5.79,broken clouds
271,Ovre Ardal,NO,61.3167,7.8,33.48,78,96,7.52,overcast clouds
272,Xifeng,CN,42.7372,124.7222,57.24,68,74,5.97,broken clouds
273,Caravelas,BR,-17.7125,-39.2481,82.45,68,69,6.73,broken clouds
274,Lasa,IT,46.6166,10.7002,47.28,63,100,10.16,overcast clouds
275,Mayumba,GA,-3.432,10.6554,80.22,82,99,10.47,overcast clouds
276,Mahajanga,MG,-15.7167,46.3167,82.47,73,88,0.83,light rain
277,Kloulklubed,PW,7.0419,134.2556,75.7,78,100,18.97,overcast clouds
278,Marawi,PH,7.9986,124.2928,66.51,94,100,2.48,moderate rain
279,Mikuni,JP,36.2171,136.1519,55.31,67,0,7.58,clear sky
280,Great Yarmouth,GB,52.6083,1.7305,51.46,59,86,14.12,overcast clouds
281,Taft,IR,31.7471,54.2088,82.35,8,75,4.61,broken clouds
282,Araouane,ML,18.9048,-3.5265,101.34,5,20,15.01,few clouds
283,Sorong,ID,-0.8833,131.25,79.9,85,98,10.87,overcast clouds
284,Koksovyy,RU,48.1967,40.5989,57.18,43,79,2.44,broken clouds
285,Isiro,CD,2.7739,27.616,78.91,51,92,2.37,overcast clouds
286,Olafsvik,IS,64.8945,-23.7142,36.64,97,100,26.37,overcast clouds
287,Chopan,IN,24.5167,83.0333,89.26,8,0,2.04,clear sky
288,Kanadey,RU,53.1679,47.5264,42.89,99,100,4.16,overcast clouds
289,Kununurra,AU,-15.7667,128.7333,69.78,78,14,2.3,few clouds
290,Talnakh,RU,69.4865,88.3972,1.2,98,100,3.53,overcast clouds
291,Codrington,AU,-38.2667,141.9667,62.28,76,40,10.29,scattered clouds
292,Nyurba,RU,63.2842,118.3319,3.69,100,79,1.52,broken clouds
293,Eydhafushi,MV,5.1033,73.0708,84.4,71,81,10.18,broken clouds
294,Iqaluit,CA,63.7506,-68.5145,19.13,79,100,5.75,light snow
295,Taos,US,36.4072,-105.5731,56.21,23,0,0.0,clear sky
296,Xudat,AZ,41.631,48.681,50.38,81,54,3.91,broken clouds
297,Santa Maria Del Oro,MX,25.9333,-105.3667,69.55,24,46,5.17,scattered clouds
298,Sao Joao Da Barra,BR,-21.6403,-41.0511,86.09,74,83,8.08,broken clouds
299,Puerto Escondido,MX,15.85,-97.0667,83.23,78,0,0.0,clear sky
300,Dauphin,CA,51.1494,-100.0502,44.74,39,100,5.75,overcast clouds
301,Auburndale,US,28.0653,-81.7887,69.71,39,20,9.22,few clouds
302,Channel-Port Aux Basques,CA,47.5702,-59.1367,36.05,98,100,23.42,overcast clouds
303,Klaksvik,FO,62.2266,-6.589,36.52,59,100,14.65,overcast clouds
304,Siderno,IT,38.2779,16.302,65.34,58,78,12.28,broken clouds
305,Cabedelo,BR,-6.9811,-34.8339,86.67,71,56,14.58,broken clouds
306,Crateus,BR,-5.1783,-40.6775,78.21,75,100,3.62,overcast clouds
307,Grand Gaube,MU,-20.0064,57.6608,79.2,81,3,3.0,clear sky
308,Kota Kinabalu,MY,5.9749,116.0724,75.18,94,40,18.41,scattered clouds
309,Saint George,US,37.1041,-113.5841,55.99,22,0,0.0,clear sky
310,Cururupu,BR,-1.8283,-44.8683,76.89,95,100,5.01,moderate rain
311,Hengyang,CN,26.8881,112.615,72.52,54,55,3.51,broken clouds
312,Tasiilaq,GL,65.6145,-37.6368,28.56,83,100,2.64,overcast clouds
313,Los Llanos De Aridane,ES,28.6585,-17.9182,64.13,81,75,4.61,broken clouds
314,Shakhtinsk,KZ,49.71,72.5872,44.67,57,76,11.43,broken clouds
315,Ilo,PE,-17.6394,-71.3375,72.46,64,0,6.91,clear sky
316,Santa Luzia,BR,-19.7697,-43.8514,86.14,61,20,9.22,few clouds
317,Ilulissat,GL,69.2167,-51.1,13.15,82,95,1.1,overcast clouds
318,Sao Felix Do Xingu,BR,-6.6447,-51.995,87.51,59,98,2.06,heavy intensity rain
319,Invermere,CA,50.5167,-116.0354,39.36,70,90,1.14,overcast clouds
320,Fengzhen,CN,40.4394,113.1536,59.59,21,85,5.08,overcast clouds
321,Belaya Gora,RU,68.5333,146.4167,-25.92,100,16,2.86,few clouds
322,Sao Gabriel Da Cachoeira,BR,-0.1303,-67.0892,85.23,77,96,4.07,overcast clouds
323,Haines Junction,CA,60.7522,-137.5108,24.75,80,100,9.22,overcast clouds
324,Yar-Sale,RU,66.8333,70.8333,4.42,96,100,3.49,overcast clouds
325,Mahebourg,MU,-20.4081,57.7,79.09,83,75,5.75,broken clouds
326,Sokoni,TZ,-6.4333,39.55,87.66,70,7,14.5,clear sky
327,Hobyo,SO,5.3505,48.5268,82.53,75,30,16.17,scattered clouds
328,Saldanha,ZA,-33.0117,17.9442,84.25,53,0,15.01,clear sky
329,Quatre Cocos,MU,-20.2078,57.7625,78.91,78,12,12.26,few clouds
330,Cayenne,GF,4.9333,-52.3333,86.04,1,75,20.71,broken clouds
331,Pangody,RU,65.85,74.4859,0.14,94,89,6.11,overcast clouds
332,Izazi,TZ,-7.2,35.7333,78.03,52,48,6.91,scattered clouds
333,Rio Grande,BR,-32.035,-52.0986,78.91,72,12,10.92,few clouds
334,Beyneu,KZ,45.3167,55.2,63.7,49,71,13.8,broken clouds
335,Te Anau,NZ,-45.4167,167.7167,43.34,90,53,0.22,broken clouds
336,Vila Velha,BR,-20.3297,-40.2925,93.15,58,20,5.75,few clouds
337,La Ronge,CA,55.1001,-105.2842,41.25,70,75,10.36,broken clouds
338,Henties Bay,NA,-22.116,14.2845,63.95,73,0,9.55,clear sky
339,Koumra,TD,8.9126,17.5539,93.34,29,81,2.21,light rain
340,Berlevag,NO,70.8578,29.0864,35.4,97,100,29.44,overcast clouds
341,Presidencia Roque Saenz Pena,AR,-26.7852,-60.4388,81.27,60,27,6.96,scattered clouds
342,Teya,RU,60.3778,92.6267,28.06,90,100,1.88,overcast clouds
343,Sarkand,KZ,45.41,79.9186,53.08,48,100,4.65,overcast clouds
344,Anadyr,RU,64.75,177.4833,3.7,84,75,2.24,light snow
345,Tamandare,BR,-8.7597,-35.1047,83.61,74,81,10.27,broken clouds
346,Biloela,AU,-24.4167,150.5,71.15,83,75,14.05,broken clouds
347,North Platte,US,41.1239,-100.7654,54.07,25,0,13.8,clear sky
348,Moussoro,TD,13.6408,16.4901,106.05,5,76,5.59,broken clouds
349,Broome,US,42.2506,-75.833,46.71,75,100,9.22,light rain
350,Silawit,PH,16.8789,121.7564,73.08,91,92,1.19,overcast clouds
351,Canete,CL,-37.8,-73.4,55.96,91,62,5.57,broken clouds
352,Abalak,RU,58.1286,68.5944,30.02,92,56,4.05,broken clouds
353,Tomsk,RU,58.5,82.5,19.53,91,98,9.46,overcast clouds
354,Souillac,MU,-20.5167,57.5167,79.18,83,75,5.75,broken clouds
355,Maksi,IN,23.2667,76.15,91.51,14,3,8.95,clear sky
356,Necochea,AR,-38.5473,-58.7368,72.59,58,12,9.04,few clouds
357,Wilmington,US,34.2257,-77.9447,58.89,39,0,18.41,clear sky
358,Sao Filipe,CV,14.8961,-24.4956,76.19,68,71,9.55,broken clouds
359,Bathsheba,BB,13.2167,-59.5167,84.81,70,75,23.02,broken clouds
360,Muravlenko,RU,63.7898,74.523,1.42,94,62,6.49,broken clouds
361,Beringovskiy,RU,63.05,179.3167,33.71,87,100,20.8,overcast clouds
362,Hualmay,PE,-11.0964,-77.6139,73.02,72,93,8.19,overcast clouds
363,Phuket,TH,8.0,98.25,88.09,89,20,1.14,few clouds
364,Cairns,AU,-16.9167,145.7667,76.95,91,75,3.44,broken clouds
365,Bandarbeyla,SO,9.4942,50.8122,81.28,76,98,9.42,overcast clouds
366,Aksarka,RU,66.5606,67.7975,11.05,96,100,5.95,overcast clouds
367,Bestobe,KZ,52.4994,73.0975,40.98,56,0,7.7,clear sky
368,Kahului,US,20.8947,-156.47,74.84,75,0,13.0,clear sky
369,Port Hardy,CA,50.6996,-127.4199,35.78,87,75,4.61,broken clouds
370,Talipparamba,IN,12.05,75.35,81.25,84,87,4.56,very heavy rain
371,Sierra Vista,US,31.5545,-110.3037,73.72,13,0,21.85,clear sky
372,Gniezno,PL,52.5348,17.5826,47.71,63,100,15.99,overcast clouds
373,Treinta Y Tres,UY,-33.2333,-54.3833,79.81,42,0,7.09,clear sky
374,Ust-Maya,RU,60.4167,134.5333,7.27,96,80,2.71,broken clouds
375,Mehamn,NO,71.0357,27.8492,35.73,98,100,30.18,overcast clouds
376,Kamenka,RU,51.3223,42.7678,48.88,89,65,2.39,broken clouds
377,Chernyshevskiy,RU,63.0128,112.4714,3.33,100,58,3.13,broken clouds
378,Suluktu,KG,39.9337,69.57,65.68,50,98,7.43,overcast clouds
379,Nabire,ID,-3.3667,135.4833,75.92,91,100,3.15,overcast clouds
380,Glendive,US,47.1053,-104.7125,46.02,57,100,28.01,overcast clouds
381,Tilichiki,RU,60.4667,166.1,30.07,99,100,9.91,snow
382,Kavaratti,IN,10.5669,72.642,84.27,75,80,11.03,broken clouds
383,Balkanabat,TM,39.5108,54.3671,76.05,31,100,10.11,overcast clouds
384,Petropavlovsk-Kamchatskiy,RU,53.0452,158.6483,25.39,59,0,4.47,clear sky
385,Seoul,KR,37.5683,126.9778,58.57,49,0,5.75,clear sky
386,Tonj,SS,7.2737,28.6822,98.78,20,77,3.91,broken clouds
387,Hirara,JP,24.8,125.2833,72.09,85,99,13.98,overcast clouds
388,Puerto Ayacucho,VE,5.6639,-67.6236,89.47,57,99,2.98,overcast clouds
389,Selma,US,36.5708,-119.6121,64.02,53,0,14.2,clear sky
390,Kudahuvadhoo,MV,2.6708,72.8944,85.03,63,17,9.8,few clouds
391,Mabaruma,GY,8.2,-59.7833,86.0,74,75,9.22,broken clouds
392,Taoudenni,ML,22.6783,-3.9836,94.93,4,0,13.2,clear sky
393,Aykhal,RU,66.0,111.5,6.6,98,32,2.62,scattered clouds
394,Severnyy,RU,50.677,36.5532,57.24,51,0,11.18,clear sky
395,Ekhabi,RU,53.5102,142.9671,13.14,97,87,5.79,overcast clouds
396,Nanga Eboko,CM,4.6833,12.3667,82.35,55,92,2.84,light rain
397,Ayna,PE,-12.65,-73.9167,69.53,73,93,4.68,overcast clouds
398,Champerico,GT,14.3,-91.9167,86.54,55,72,4.29,broken clouds
399,Sambava,MG,-14.2667,50.1667,78.35,85,49,15.05,light rain
400,Romitan,UZ,39.9343,64.3814,71.55,43,0,2.3,clear sky
401,Sidi Ali,DZ,36.0998,0.4206,62.87,59,38,9.33,scattered clouds
402,Mwene-Ditu,CD,-7.0,23.45,74.71,79,100,3.31,light rain
403,Ambunti,PG,-4.2365,142.8448,74.07,99,100,2.44,overcast clouds
404,Plettenberg Bay,ZA,-34.0527,23.3716,64.42,77,8,14.83,clear sky
405,Cordoba,AR,-31.4135,-64.1811,80.76,51,75,16.11,broken clouds
406,Umm Kaddadah,SD,13.6017,26.6876,96.82,8,2,9.69,clear sky
407,Toora-Khem,RU,52.4675,96.11,26.37,88,100,1.95,overcast clouds
408,Katsuura,JP,35.1333,140.3,62.22,84,0,16.22,clear sky
409,Vostok,RU,46.4856,135.8833,24.17,97,19,4.79,few clouds
410,Longyearbyen,SJ,78.2186,15.6401,24.64,63,20,13.8,few clouds
411,Fort Nelson,CA,58.8053,-122.7002,33.39,69,20,10.36,few clouds
412,Hastings,GB,50.8552,0.5729,54.79,45,51,15.5,broken clouds
413,Kralendijk,BQ,12.15,-68.2667,85.98,62,75,19.57,broken clouds
414,Antalaha,MG,-14.9003,50.2788,77.0,84,91,10.6,overcast clouds
415,Marystown,CA,47.1666,-55.1483,33.66,96,100,23.91,light snow
416,Sawtell,AU,-30.3833,153.1,64.18,94,51,4.61,broken clouds
417,Langsa,ID,4.4683,97.9683,75.74,92,61,2.59,broken clouds
418,Lubango,AO,-14.9172,13.4925,78.66,36,75,9.22,broken clouds
419,Manturovo,RU,58.3353,44.7619,44.6,91,100,10.27,overcast clouds
420,Bien Hoa,VN,10.95,106.8167,82.38,78,93,8.84,overcast clouds
421,Erzin,TR,36.9559,36.2,59.88,89,0,2.59,clear sky
422,Altar,MX,30.7,-111.8167,78.93,26,26,8.84,scattered clouds
423,Itum-Kale,RU,42.7356,45.5758,50.45,85,89,1.41,overcast clouds
424,Hamilton,US,39.1834,-84.5333,40.87,78,100,13.8,overcast clouds
425,Tateyama,JP,34.9833,139.8667,62.1,83,0,15.5,clear sky
426,Musoma,TZ,-1.5,33.8,75.33,65,17,6.24,few clouds
427,Pakxan,LA,18.3778,103.6601,77.72,49,10,2.1,clear sky
428,Daeni,RO,44.8333,28.1167,71.26,41,6,8.93,clear sky
429,Ziro,IN,27.6333,93.8333,50.67,95,68,0.11,broken clouds
430,Chibuto,MZ,-24.6867,33.5306,72.5,63,100,10.58,overcast clouds
431,High Prairie,CA,55.4334,-116.4858,32.5,78,100,21.18,overcast clouds
432,Manadhoo,MV,5.7667,73.3833,84.67,72,96,11.52,overcast clouds
433,Manati,PR,18.4275,-66.4921,86.18,73,73,14.27,broken clouds
434,Cape Canaveral,US,28.4058,-80.6048,70.0,40,0,12.66,clear sky
435,Bandar-E Lengeh,IR,26.5579,54.8807,82.51,61,86,11.5,haze
436,Yarkovo,RU,57.4028,67.0786,29.86,97,35,4.79,scattered clouds
437,Alice Springs,AU,-23.7,133.8833,56.75,44,0,0.0,clear sky
438,Sapouy,BF,11.5544,-1.7736,105.78,15,82,3.78,broken clouds
439,Upata,VE,8.0086,-62.3989,91.36,37,73,7.99,broken clouds
440,Abu Dhabi,AE,24.4667,54.3667,87.91,56,0,8.05,clear sky
441,Santa Isabel Do Rio Negro,BR,-0.4139,-65.0192,79.43,90,100,3.56,overcast clouds
442,Houlton,US,46.1262,-67.8403,48.61,69,20,0.0,few clouds
443,Arman,RU,59.7,150.1667,8.78,96,74,5.86,broken clouds
444,Cam Ranh,VN,11.9214,109.1591,76.96,73,20,5.75,few clouds
445,Novoselytsya,UA,48.2193,26.2653,51.69,76,74,18.81,broken clouds
446,San Luis,AR,-33.295,-66.3356,80.85,32,0,12.77,clear sky
447,Staryy Nadym,RU,65.6118,72.6842,3.76,94,100,1.92,overcast clouds
448,Olinda,BR,-8.0089,-34.8553,85.73,70,40,13.8,scattered clouds
449,Pascagoula,US,30.3658,-88.5561,60.8,40,0,6.91,clear sky
450,Mandapeta,IN,16.8667,81.9333,86.34,80,83,8.7,broken clouds
451,Kushmurun,KZ,52.4503,64.6311,43.88,75,100,10.74,overcast clouds
452,Saint Anthony,US,45.0205,-93.218,46.35,38,0,3.44,clear sky
453,San Patricio,US,28.017,-97.5169,77.09,33,0,13.04,clear sky
454,Zeya,RU,53.75,127.2667,22.77,84,52,4.05,broken clouds
455,Ugoofaaru,MV,5.6667,73.0,84.34,72,100,10.54,overcast clouds
456,Brooks,CA,50.5834,-111.8851,41.04,38,100,16.11,overcast clouds
457,Honiara,SB,-9.4333,159.95,77.18,84,55,3.96,broken clouds
458,Makurdi,NG,7.7411,8.5121,96.6,37,100,6.8,overcast clouds
459,Camacha,PT,33.0833,-16.3333,62.02,59,40,10.36,scattered clouds
460,Dhidhdhoo,MV,6.8833,73.1,85.14,70,96,10.98,overcast clouds
461,Medea,DZ,36.2642,2.7539,60.96,54,11,7.76,few clouds
462,Collie,AU,-33.3667,116.15,47.91,69,75,0.56,broken clouds
463,Pangoa,PE,-12.1167,-73.0,74.32,94,100,3.47,overcast clouds
464,Valparaiso,CL,-33.0393,-71.6273,62.24,67,0,8.05,clear sky
465,Sadovoye,RU,47.7764,44.5089,55.13,66,68,5.48,broken clouds
466,Kirgiz-Miyaki,RU,53.6324,54.7979,38.05,96,100,4.07,overcast clouds
467,Pasni,PK,25.2631,63.471,82.27,64,64,14.38,broken clouds
468,Hanyang,CN,32.1371,105.5126,63.7,69,35,2.64,scattered clouds
469,Port Shepstone,ZA,-30.7414,30.455,66.27,86,100,16.53,moderate rain
470,Kamyshin,RU,50.0983,45.416,53.33,84,100,1.34,overcast clouds
471,Barcelos,PT,41.5388,-8.6151,69.91,69,99,7.74,overcast clouds
472,Imeni Babushkina,RU,59.7573,43.1285,36.84,99,98,3.69,overcast clouds
473,Obzor,BG,42.8167,27.8833,66.42,72,72,11.12,broken clouds
474,Skhisma,GR,35.2667,25.7167,62.83,67,100,2.95,overcast clouds
475,Vao,NC,-22.6667,167.4833,77.41,84,29,23.78,scattered clouds
476,Santo Antonio Do Ica,BR,-3.1022,-67.9397,83.28,82,99,2.33,overcast clouds
477,Nakasongola,UG,1.3089,32.4564,78.51,43,62,8.21,broken clouds
478,Borba,BR,-4.3878,-59.5939,82.56,76,100,4.41,overcast clouds
479,Kosh-Agach,RU,50.0,88.6667,23.94,59,75,8.75,broken clouds
480,Ulcinj,ME,41.9294,19.2244,64.62,81,57,8.43,broken clouds
481,Paredon,MX,16.0333,-93.8667,84.0,46,75,19.95,broken clouds
482,Farafangana,MG,-22.8167,47.8333,75.79,83,39,7.58,scattered clouds
483,Nexo,DK,55.0607,15.1306,42.89,67,44,25.88,scattered clouds
484,Coueron,FR,47.2151,-1.7217,55.35,48,0,6.91,clear sky
485,Aksu,CN,41.1231,80.2644,74.19,17,100,3.62,overcast clouds
486,Porto Torres,IT,40.835,8.3972,57.38,56,100,20.22,overcast clouds
487,Zyryanka,RU,65.75,150.85,-18.24,99,92,11.56,overcast clouds
488,Kieta,PG,-6.2167,155.6333,78.55,81,77,1.52,broken clouds
489,Jaicos,BR,-7.3592,-41.1378,90.12,46,76,2.26,broken clouds
490,Montepuez,MZ,-13.1256,38.9997,70.9,84,51,3.38,broken clouds
491,Okha,RU,53.5739,142.9478,14.45,95,75,6.78,broken clouds
492,Doha,QA,25.2867,51.5333,91.71,35,74,9.22,broken clouds
493,Igbaras,PH,10.7157,122.2657,77.32,82,100,4.54,overcast clouds
494,Clarksburg,US,39.2807,-80.3445,42.93,84,75,11.5,broken clouds
495,Copala,MX,16.65,-98.9833,86.02,43,79,3.74,broken clouds
496,Ilinskiy,RU,55.619,38.1182,50.38,62,0,8.95,clear sky
497,Myanaung,MM,18.2833,95.3167,84.63,50,4,2.19,clear sky
498,Dongying,CN,37.4564,118.4856,76.55,41,0,14.5,clear sky
499,Port Hawkesbury,CA,45.6169,-61.3485,56.91,90,40,6.91,scattered clouds
500,Biak,ID,-0.9131,122.8766,76.87,79,99,4.0,overcast clouds
501,Muros,ES,42.7762,-9.0603,67.68,64,99,5.97,overcast clouds
502,Bereda,ES,43.2686,-7.5406,67.14,41,80,4.21,broken clouds
503,North Bend,US,43.4065,-124.2243,44.17,93,75,8.05,broken clouds
504,Buin,CL,-33.7333,-70.75,71.87,43,29,6.69,scattered clouds
505,Sibulan,PH,9.3584,123.285,76.42,88,100,2.93,light rain
506,Grindavik,IS,63.8424,-22.4338,39.67,87,75,28.77,broken clouds
507,Razole,IN,16.4833,81.8333,81.43,84,79,6.02,broken clouds
508,Bud,US,39.447,-86.1758,38.68,74,98,14.52,overcast clouds
509,Khilok,RU,51.3674,110.4676,29.86,96,100,11.01,snow
510,Rjukan,NO,59.8789,8.5941,42.96,71,100,18.79,overcast clouds
511,Hervey Bay,AU,-25.2986,152.8535,74.37,84,84,18.66,broken clouds
512,Turan,VN,16.0678,108.2208,71.58,83,0,2.3,clear sky
513,Callaguip,PH,18.0714,120.4867,82.42,83,75,4.61,broken clouds
514,Porto Velho,BR,-8.7619,-63.9039,86.05,70,40,2.3,scattered clouds
515,Lingao,CN,19.9103,109.6859,68.45,83,1,9.71,clear sky
516,Shenjiamen,CN,29.9576,122.298,59.31,87,3,14.14,clear sky
517,Sur,OM,22.5667,59.5289,89.74,35,100,9.1,overcast clouds
518,Maceio,BR,-9.6658,-35.7353,85.44,70,75,16.11,broken clouds
519,Nara,JP,34.6851,135.8049,61.92,69,0,1.34,clear sky
520,Tynda,RU,55.1667,124.7167,10.53,95,73,2.8,broken clouds
521,Boma,GH,7.0805,-2.1697,96.76,37,93,1.88,overcast clouds
522,Babu,CN,24.4167,111.5167,70.38,58,3,2.8,clear sky
523,Ossora,RU,59.2353,163.0719,14.36,88,92,4.97,overcast clouds
524,Sorland,NO,67.667,12.6934,39.79,68,76,10.69,broken clouds
525,Gat,IL,31.61,34.7642,66.88,100,0,11.88,clear sky
526,Nelson Bay,AU,-32.7167,152.15,66.0,94,45,9.19,scattered clouds
527,Sinnamary,GF,5.3833,-52.95,80.38,83,86,12.57,overcast clouds
528,Montelibano,CO,7.9829,-75.4229,85.98,67,100,0.65,overcast clouds
529,Harper,LR,4.375,-7.7169,85.23,72,100,11.3,overcast clouds
530,Ambulu,ID,-8.345,113.6058,75.94,90,12,2.13,few clouds
531,Placido De Castro,BR,-10.3353,-67.1856,90.36,52,100,3.6,overcast clouds
532,Tromso,NO,69.6496,18.957,39.22,60,20,11.5,few clouds
533,Tecoanapa,MX,16.5167,-98.75,85.44,47,60,4.68,broken clouds
534,Tulun,RU,54.5611,100.5792,28.13,90,93,4.09,overcast clouds
535,Karatau,KZ,43.1667,70.4667,57.69,91,86,4.0,overcast clouds
536,Alyangula,AU,-13.8483,136.4192,71.47,100,51,2.3,broken clouds
537,Indramayu,ID,-6.3264,108.32,79.38,77,63,3.98,broken clouds
538,Mwinilunga,ZM,-11.7358,24.4293,66.33,92,93,4.92,moderate rain
539,Stephanskirchen,DE,47.8595,12.1528,46.83,47,96,6.02,overcast clouds
540,Oktyabrskoye,RU,43.0645,44.7417,60.94,45,20,4.47,few clouds
541,Mogok,MM,22.9167,96.5,67.12,57,30,0.94,scattered clouds
542,Mogadishu,SO,2.0371,45.3438,82.09,74,84,13.0,broken clouds
543,Blankenberge,BE,51.3131,3.1323,50.95,49,34,3.0,scattered clouds
544,Ushibuka,JP,32.1906,130.0228,60.42,81,2,4.56,clear sky
545,Saint-Pierre,RE,-21.3393,55.4781,80.28,69,75,16.11,broken clouds
546,Bambanglipuro,ID,-7.95,110.2833,77.65,83,100,1.77,overcast clouds
547,Taltal,CL,-25.4,-70.4833,66.47,68,32,6.49,scattered clouds
548,Raudeberg,NO,61.9875,5.1352,36.95,90,100,29.62,overcast clouds
549,Lorengau,PG,-2.0226,147.2712,77.77,87,100,3.74,overcast clouds
550,Fairbanks,US,64.8378,-147.7164,1.81,70,0,4.61,clear sky
551,Yanji,CN,42.9075,129.5078,53.49,44,100,2.98,overcast clouds
552,Xinzhi,CN,36.4989,111.7047,71.56,24,0,4.47,clear sky
553,Wajima,JP,37.4,136.9,55.24,67,0,12.57,clear sky
554,Ogbomosho,NG,8.133,4.25,94.59,38,93,11.27,overcast clouds
555,Bontang,ID,0.1333,117.5,78.08,87,100,8.86,light rain
556,Quelimane,MZ,-17.8786,36.8883,80.55,78,75,4.61,broken clouds
557,Bahir Dar,ET,11.5936,37.3908,79.47,28,11,4.52,few clouds
558,Cukai,MY,4.25,103.4167,75.15,87,80,1.7,broken clouds
559,Bennington,US,42.8781,-73.1968,45.25,93,100,3.44,light rain
560,Tra Vinh,VN,9.9347,106.3453,77.88,84,50,5.5,scattered clouds
561,Krasnoslobodsk,RU,48.7072,44.5714,60.62,67,0,11.18,clear sky
562,Avera,US,33.194,-82.5271,49.91,48,33,16.6,scattered clouds
563,Aleksinac,RS,43.5417,21.7078,69.96,52,95,5.26,overcast clouds
564,Jiaojiang,CN,28.6803,121.4428,58.86,94,35,3.6,scattered clouds
565,Mian Channun,PK,30.44,72.3543,89.24,7,0,6.29,clear sky
566,Port Keats,AU,-14.25,129.55,77.18,53,4,3.65,clear sky
567,Adeje,ES,28.1227,-16.726,67.32,59,20,6.91,few clouds
568,Cobija,BO,-11.0267,-68.7692,86.18,74,75,0.0,broken clouds
569,Talcahuano,CL,-36.7167,-73.1167,56.88,82,75,13.8,broken clouds
570,Winnipeg,CA,49.8844,-97.147,38.98,67,100,16.11,overcast clouds
571,Tsaratanana,MG,-16.7833,47.65,75.58,77,40,6.85,scattered clouds
572,Eureka,US,40.8021,-124.1637,48.2,77,6,7.0,clear sky
573,Lieksa,FI,63.3167,30.0167,34.3,74,93,14.18,overcast clouds
574,Bosaso,SO,11.2842,49.1816,81.81,74,100,2.46,overcast clouds
575,Aras,ES,42.5617,-2.356,57.61,41,20,6.91,few clouds
576,Temanggung,ID,-7.3162,110.1755,73.8,96,100,2.17,light rain
577,Russell,US,32.3502,-85.1999,51.06,50,100,17.27,overcast clouds
578,Carcassonne,FR,43.25,2.1667,59.23,48,75,19.57,broken clouds
579,Kangaatsiaq,GL,68.3065,-53.4641,12.4,85,98,5.59,overcast clouds
580,Narsaq,GL,60.9167,-46.05,37.62,45,2,4.52,clear sky
581,Atar,MR,20.5169,-13.0499,97.47,4,0,9.42,clear sky
582,Cap Malheureux,MU,-19.9842,57.6142,78.48,81,3,3.0,clear sky
583,Itainopolis,BR,-7.4469,-41.4783,94.78,37,82,6.76,broken clouds
584,Ternate,ID,0.8,127.4,81.34,80,97,6.02,overcast clouds
585,Teguise,ES,29.0605,-13.564,68.22,64,20,9.22,few clouds
586,Pemangkat,ID,1.1667,108.9667,78.66,83,98,3.06,overcast clouds
587,Havre-Saint-Pierre,CA,50.2334,-63.5986,34.16,93,100,11.5,mist
588,Port Moresby,PG,-9.4431,147.1797,76.42,100,75,5.75,broken clouds
589,Abha,SA,18.2164,42.5053,71.42,28,0,16.11,clear sky
590,Balingasay,PH,16.3573,119.8564,81.88,72,54,2.19,broken clouds
591,Thunder Bay,CA,48.4001,-89.3168,37.29,45,0,9.22,clear sky
592,Ha Tinh,VN,18.3333,105.9,68.07,88,6,2.42,clear sky
593,Banda Aceh,ID,5.5577,95.3222,80.69,78,88,3.67,overcast clouds
594,Mbour,SN,14.422,-16.9638,97.65,28,10,17.34,clear sky
595,Vyartsilya,RU,62.1764,30.693,35.11,79,82,9.26,broken clouds
596,Pontes E Lacerda,BR,-15.2261,-59.3353,88.93,58,40,3.56,scattered clouds
597,Brawley,US,32.9787,-115.5303,80.62,26,0,3.44,haze
598,Joshimath,IN,30.5667,79.5667,58.87,62,87,7.09,overcast clouds
599,Hailey,US,43.5196,-114.3153,40.8,25,0,18.01,clear sky
600,Abong Mbang,CM,3.9833,13.1833,85.24,43,98,4.18,overcast clouds
601,Qui Nhon,VN,13.7667,109.2333,70.61,85,36,7.47,scattered clouds
602,Jacareacanga,BR,-6.2222,-57.7528,90.21,53,100,3.91,overcast clouds
603,Oktyabrskiy,RU,54.4815,53.471,37.51,98,100,3.65,overcast clouds
604,Yenagoa,NG,4.9247,6.2642,81.1,78,100,9.13,overcast clouds
605,Talmenka,RU,53.8183,83.5677,33.39,89,41,7.07,scattered clouds
606,Peace River,CA,56.2501,-117.286,35.91,86,100,14.97,overcast clouds
607,Cherskiy,RU,68.75,161.3,-18.67,100,92,3.87,overcast clouds
608,Jeremie,HT,18.65,-74.1167,81.5,69,100,3.2,overcast clouds
609,Raglan,NZ,-37.8,174.8833,43.3,87,0,2.68,clear sky
610,Honghu,CN,29.8206,113.4621,72.52,49,93,7.0,overcast clouds
611,Sola,VU,-13.8833,167.55,82.17,71,40,13.4,scattered clouds
612,Verkhnevilyuysk,RU,63.4453,120.3167,5.92,99,92,2.68,overcast clouds
613,Choya,RU,52.0108,86.5467,30.79,93,95,3.62,light snow
614,Harer,ET,9.3094,42.1258,70.27,42,84,3.67,broken clouds
615,Senanga,ZM,-16.1167,23.2667,70.36,84,80,5.64,light rain
616,Basco,PH,20.4487,121.9702,78.01,83,50,21.85,scattered clouds
617,Birjand,IR,32.8663,59.2211,75.67,11,86,4.61,haze
618,Porto Belo,BR,-27.1578,-48.5531,82.8,75,21,5.48,few clouds
619,Negombo,LK,7.2083,79.8358,79.92,80,95,3.49,light rain
620,Port Macquarie,AU,-31.4333,152.9167,62.89,84,43,0.96,scattered clouds
621,Vila,PT,42.0304,-8.1588,60.69,51,100,6.55,overcast clouds
622,Tual,ID,-5.6667,132.75,84.33,73,50,16.78,scattered clouds
623,Port Augusta,AU,-32.5,137.7667,67.33,36,52,4.76,broken clouds
624,Basna,IN,21.2833,82.8167,93.0,15,2,3.47,clear sky
625,Redmond,US,47.674,-122.1215,44.19,80,38,8.99,scattered clouds
626,Concordia,AR,-31.393,-58.0209,78.87,70,40,5.99,scattered clouds
627,Khandyga,RU,62.6667,135.6,23.11,97,100,4.32,light snow
628,Novaya Igirma,RU,57.1334,103.9112,29.28,98,100,2.17,overcast clouds
629,Phillipsburg,US,40.6937,-75.1902,48.67,87,89,9.71,overcast clouds
630,Aleksandrov Gay,RU,50.147,48.5704,48.85,93,99,3.98,overcast clouds
631,Japura,ID,-0.3167,102.35,74.79,91,100,2.44,overcast clouds
632,Sechura,PE,-5.5569,-80.8222,75.78,67,100,6.98,overcast clouds
633,Saint-Augustin,CA,51.226,-58.6502,32.52,100,100,12.8,snow
634,Boueni,YT,-12.9025,45.0761,80.58,74,54,9.89,broken clouds
635,Bayir,TR,37.2687,28.2167,66.72,59,60,5.46,broken clouds
636,Hun,LY,29.1268,15.9477,83.71,16,22,11.34,few clouds
637,Huarmey,PE,-10.0681,-78.1522,73.56,73,74,8.66,broken clouds
638,Prince Rupert,CA,54.3161,-130.3201,37.09,87,100,3.44,overcast clouds
639,Payo,ID,-3.7508,103.6372,73.08,97,100,2.28,overcast clouds
640,Taksimo,RU,56.3444,114.8794,19.67,86,100,0.87,overcast clouds
641,Kathu,TH,7.9178,98.3332,87.69,84,25,3.18,scattered clouds
642,Porto Novo,BJ,6.4965,2.6036,82.22,64,90,10.18,overcast clouds
643,Pegnitz,DE,49.7564,11.545,46.33,89,64,11.39,light rain
644,Ust-Barguzin,RU,53.45,108.9833,26.73,92,100,2.17,overcast clouds
645,Lyambir,RU,54.2817,45.1249,38.16,100,100,3.96,overcast clouds
646,Susangerd,IR,31.5608,48.1831,86.5,16,37,20.54,scattered clouds
647,Weligama,LK,5.9667,80.4167,78.24,85,50,7.34,scattered clouds
648,Rioblanco,CO,3.5308,-75.6806,72.46,76,100,4.16,overcast clouds
649,Kulhudhuffushi,MV,6.6221,73.07,85.32,69,100,10.31,overcast clouds
650,Ornes,NO,66.8689,13.7078,38.37,85,92,3.02,overcast clouds
651,Maniitsoq,GL,65.4167,-52.9,20.14,73,30,0.98,scattered clouds
652,Charters Towers,AU,-20.1,146.2667,69.78,92,5,9.04,clear sky
653,Fort Morgan,US,40.2503,-103.8,63.82,28,0,11.5,clear sky
654,Dilla,ET,6.41,38.31,74.07,49,63,7.4,light rain
655,Valle Hermoso,MX,25.6667,-97.8333,78.66,43,5,20.27,clear sky
656,Darnah,LY,32.767,22.6367,67.03,47,100,4.32,overcast clouds
657,Yakeshi,CN,49.2833,120.7333,44.29,44,100,18.92,overcast clouds
658,Baykit,RU,61.67,96.37,14.56,96,95,2.89,overcast clouds
659,Kalmunai,LK,7.4167,81.8167,80.08,80,100,3.31,moderate rain
660,Marsa Matruh,EG,31.3525,27.2453,66.4,63,0,9.22,clear sky
661,Zhigansk,RU,66.7697,123.3711,4.19,94,72,10.0,broken clouds
662,Gorontalo,ID,0.5412,123.0595,75.7,90,74,1.63,broken clouds
663,Takoradi,GH,4.8845,-1.7554,85.51,70,99,14.76,overcast clouds
664,Mmabatho,ZA,-25.85,25.6333,55.36,94,75,18.41,light intensity drizzle
665,Pozoblanco,ES,38.3791,-4.8483,62.92,62,93,5.73,overcast clouds
666,Mayo,US,38.8876,-76.5119,55.11,59,75,10.36,broken clouds
667,Aswan,EG,24.0934,32.907,105.1,7,0,6.91,clear sky
668,Kiunga,PG,-6.1219,141.2906,73.18,99,100,1.77,overcast clouds
669,Tautira,PF,-17.7333,-149.15,80.19,80,100,18.66,light rain
670,Laela,TZ,-8.5667,32.05,63.81,86,73,2.53,broken clouds
671,Emerald,AU,-23.5333,148.1667,71.74,83,7,4.61,clear sky
672,Bima,ID,-8.4667,118.7167,75.69,94,4,2.62,clear sky
673,Ilam,NP,26.9167,87.9167,66.16,74,12,4.92,few clouds
674,Bukama,CD,-9.2,25.85,77.11,83,73,1.34,light rain
675,Broken Hill,AU,-31.95,141.4333,64.11,72,0,9.22,clear sky
676,Santa Cruz,BO,-17.8,-63.1667,85.46,70,75,17.27,broken clouds
677,Plouzane,FR,48.3833,-4.6167,53.65,54,100,10.36,overcast clouds
678,Dunedin,NZ,-45.8742,170.5036,49.48,86,67,10.83,broken clouds
679,Ponta Delgada,PT,37.7333,-25.6667,61.52,72,40,24.16,scattered clouds
680,Fenoarivo,MG,-18.933,47.4354,62.19,81,6,7.94,clear sky
681,Menongue,AO,-14.6585,17.691,73.35,62,61,4.09,broken clouds
682,Urumqi,CN,43.801,87.6005,58.15,33,0,4.47,clear sky
683,Synya,RU,65.3718,58.0387,34.27,76,93,11.07,overcast clouds
